{"frames": [

{
	"filename": "nawja0000.png",
	"frame": {"x":0,"y":0,"w":28,"h":38},
	"rotated": false,
	"trimmed": false,
	"spriteSourceSize": {"x":0,"y":0,"w":28,"h":38},
	"sourceSize": {"w":28,"h":38}
},
{
	"filename": "nawja0001.png",
	"frame": {"x":0,"y":38,"w":28,"h":38},
	"rotated": false,
	"trimmed": false,
	"spriteSourceSize": {"x":0,"y":0,"w":28,"h":38},
	"sourceSize": {"w":28,"h":38}
},
{
	"filename": "nawja0002.png",
	"frame": {"x":0,"y":76,"w":28,"h":38},
	"rotated": false,
	"trimmed": false,
	"spriteSourceSize": {"x":0,"y":0,"w":28,"h":38},
	"sourceSize": {"w":28,"h":38}
},
{
	"filename": "nawja0003.png",
	"frame": {"x":0,"y":114,"w":28,"h":38},
	"rotated": false,
	"trimmed": false,
	"spriteSourceSize": {"x":0,"y":0,"w":28,"h":38},
	"sourceSize": {"w":28,"h":38}
},
{
	"filename": "nawja0004.png",
	"frame": {"x":0,"y":152,"w":28,"h":38},
	"rotated": false,
	"trimmed": false,
	"spriteSourceSize": {"x":0,"y":0,"w":28,"h":38},
	"sourceSize": {"w":28,"h":38}
},
{
	"filename": "nawja0005.png",
	"frame": {"x":0,"y":190,"w":28,"h":38},
	"rotated": false,
	"trimmed": false,
	"spriteSourceSize": {"x":0,"y":0,"w":28,"h":38},
	"sourceSize": {"w":28,"h":38}
},
{
	"filename": "nawja0006.png",
	"frame": {"x":0,"y":228,"w":28,"h":38},
	"rotated": false,
	"trimmed": false,
	"spriteSourceSize": {"x":0,"y":0,"w":28,"h":38},
	"sourceSize": {"w":28,"h":38}
}],
"meta": {
	"app": "https://www.codeandweb.com/texturepacker",
	"version": "1.0",
	"image": "nawja_citrouille.png",
	"format": "RGBA8888",
	"size": {"w":28,"h":266},
	"scale": "1",
	"smartupdate": "$TexturePacker:SmartUpdate:e1984365af52a0ce94ba4de60aac7f73:191264cdabedccecac100292955c786c:ab9c1b479560f2919a574ae849516cae$"
}
}
